-- MySQL dump 10.13  Distrib 8.0.28, for Win64 (x86_64)
--
-- Host: localhost    Database: gachanono
-- ------------------------------------------------------
-- Server version	8.0.28

/*!40101 SET @OLD_CHARACTER_SET_CLIENT=@@CHARACTER_SET_CLIENT */;
/*!40101 SET @OLD_CHARACTER_SET_RESULTS=@@CHARACTER_SET_RESULTS */;
/*!40101 SET @OLD_COLLATION_CONNECTION=@@COLLATION_CONNECTION */;
/*!50503 SET NAMES utf8 */;
/*!40103 SET @OLD_TIME_ZONE=@@TIME_ZONE */;
/*!40103 SET TIME_ZONE='+00:00' */;
/*!40014 SET @OLD_UNIQUE_CHECKS=@@UNIQUE_CHECKS, UNIQUE_CHECKS=0 */;
/*!40014 SET @OLD_FOREIGN_KEY_CHECKS=@@FOREIGN_KEY_CHECKS, FOREIGN_KEY_CHECKS=0 */;
/*!40101 SET @OLD_SQL_MODE=@@SQL_MODE, SQL_MODE='NO_AUTO_VALUE_ON_ZERO' */;
/*!40111 SET @OLD_SQL_NOTES=@@SQL_NOTES, SQL_NOTES=0 */;


--
-- Table structure for table `game`
--

DROP TABLE IF EXISTS `game`;
/*!40101 SET @saved_cs_client     = @@character_set_client */;
/*!50503 SET character_set_client = utf8mb4 */;
CREATE TABLE `game` (
  `id` bigint NOT NULL AUTO_INCREMENT,
  `gamename` varchar(255) NOT NULL,
  `probfilename` varchar(255) NOT NULL,
  PRIMARY KEY (`id`),
  UNIQUE KEY `gamename_UNIQUE` (`gamename`)
) ENGINE=InnoDB AUTO_INCREMENT=3 DEFAULT CHARSET=utf8mb3;
/*!40101 SET character_set_client = @saved_cs_client */;


--
-- Table structure for table `item`
--

DROP TABLE IF EXISTS `item`;
/*!40101 SET @saved_cs_client     = @@character_set_client */;
/*!50503 SET character_set_client = utf8mb4 */;
CREATE TABLE `item` (
  `id` bigint NOT NULL AUTO_INCREMENT,
  `itemname` varchar(255) NOT NULL,
  `gameid` bigint NOT NULL,
  PRIMARY KEY (`id`),
  UNIQUE KEY `itemname_UNIQUE` (`itemname`),
  KEY `item_ibfk_1_idx` (`gameid`),
  CONSTRAINT `item_ibfk_1` FOREIGN KEY (`gameid`) REFERENCES `game` (`id`)
) ENGINE=InnoDB AUTO_INCREMENT=6 DEFAULT CHARSET=utf8mb3;
/*!40101 SET character_set_client = @saved_cs_client */;

--
-- Table structure for table `user`
--

DROP TABLE IF EXISTS `user`;
/*!40101 SET @saved_cs_client     = @@character_set_client */;
/*!50503 SET character_set_client = utf8mb4 */;
CREATE TABLE `user` (
  `id` bigint NOT NULL AUTO_INCREMENT,
  `username` varchar(255) NOT NULL,
  `password` varchar(255) DEFAULT NULL,
  `nickname` varchar(255) NOT NULL,
  `email` varchar(255) NOT NULL,
  `created_date` varchar(255) NOT NULL,
  `modified_date` varchar(255) NOT NULL,
  `role` varchar(255) NOT NULL,
  PRIMARY KEY (`id`),
  UNIQUE KEY `username_UNIQUE` (`username`),
  UNIQUE KEY `nickname_UNIQUE` (`nickname`),
  UNIQUE KEY `email_UNIQUE` (`email`)
) ENGINE=InnoDB AUTO_INCREMENT=4 DEFAULT CHARSET=utf8mb3;
/*!40101 SET character_set_client = @saved_cs_client */;


--
-- Table structure for table `posts`
--

DROP TABLE IF EXISTS `posts`;
/*!40101 SET @saved_cs_client     = @@character_set_client */;
/*!50503 SET character_set_client = utf8mb4 */;
CREATE TABLE `posts` (
  `id` bigint NOT NULL AUTO_INCREMENT,
  `title` varchar(255) NOT NULL,
  `content` text NOT NULL,
  `writer` varchar(255) NOT NULL,
  `view` bigint NOT NULL,
  `created_date` varchar(255) NOT NULL,
  `modified_date` varchar(255) NOT NULL,
  `user_id` bigint NOT NULL,
  `good` bigint NOT NULL,
  `game_id` bigint NOT NULL,
  `gamename` varchar(255) NOT NULL,
  PRIMARY KEY (`id`),
  KEY `user_id` (`user_id`),
  KEY `game_id` (`game_id`),
  CONSTRAINT `posts_ibfk_1` FOREIGN KEY (`user_id`) REFERENCES `user` (`id`),
  CONSTRAINT `posts_ibfk_2` FOREIGN KEY (`game_id`) REFERENCES `game` (`id`)
) ENGINE=InnoDB AUTO_INCREMENT=10 DEFAULT CHARSET=utf8mb3;
/*!40101 SET character_set_client = @saved_cs_client */;



--
-- Table structure for table `comments`
--

DROP TABLE IF EXISTS `comments`;
/*!40101 SET @saved_cs_client     = @@character_set_client */;
/*!50503 SET character_set_client = utf8mb4 */;
CREATE TABLE `comments` (
  `id` bigint NOT NULL AUTO_INCREMENT,
  `comment` text NOT NULL,
  `created_date` varchar(255) NOT NULL,
  `modified_date` varchar(255) NOT NULL,
  `posts_id` bigint NOT NULL,
  `user_id` bigint NOT NULL,
  PRIMARY KEY (`id`),
  KEY `posts_id` (`posts_id`),
  KEY `user_id` (`user_id`),
  CONSTRAINT `comments_ibfk_1` FOREIGN KEY (`posts_id`) REFERENCES `posts` (`id`),
  CONSTRAINT `comments_ibfk_2` FOREIGN KEY (`user_id`) REFERENCES `user` (`id`)
) ENGINE=InnoDB AUTO_INCREMENT=13 DEFAULT CHARSET=utf8mb3;
/*!40101 SET character_set_client = @saved_cs_client */;

--
-- Dumping data for table `comments`
--

LOCK TABLES `comments` WRITE;
/*!40000 ALTER TABLE `comments` DISABLE KEYS */;
INSERT INTO `comments` VALUES (2,'sdfgsfdgsfdㅁㄴㅇㄹ','2022.05.31 16:44','2022.05.31 16:44',4,1),(8,'ㅁㄴㅇㄻㄴㅇㄹ','2022.06.05 21:39','2022.06.05 21:39',4,1),(9,'ㅁㄴㅇㄹ','2022.06.05 21:40','2022.06.05 21:40',4,1),(11,'asdf','2022.06.06 08:38','2022.06.06 08:38',8,1),(12,'asdf','2022.06.07 00:23','2022.06.07 00:23',8,1);
/*!40000 ALTER TABLE `comments` ENABLE KEYS */;
UNLOCK TABLES;

--
-- Table structure for table `gacha`
--

DROP TABLE IF EXISTS `gacha`;
/*!40101 SET @saved_cs_client     = @@character_set_client */;
/*!50503 SET character_set_client = utf8mb4 */;
CREATE TABLE `gacha` (
  `id` bigint NOT NULL AUTO_INCREMENT,
  `gachaname` varchar(255) NOT NULL,
  `templatefilename` varchar(255) NOT NULL,
  PRIMARY KEY (`id`),
  UNIQUE KEY `gachaname_UNIQUE` (`gachaname`),
  UNIQUE KEY `templatefilename_UNIQUE` (`templatefilename`)
) ENGINE=InnoDB AUTO_INCREMENT=6 DEFAULT CHARSET=utf8mb3;
/*!40101 SET character_set_client = @saved_cs_client */;

--
-- Dumping data for table `gacha`
--

LOCK TABLES `gacha` WRITE;
/*!40000 ALTER TABLE `gacha` DISABLE KEYS */;
INSERT INTO `gacha` VALUES (1,'컴플리트가챠','completegacha.csv'),(2,'다른 아이템 구간별 확률','seg_diff.csv'),(3,'동일 아이템 구간별 확률','seg_same.csv'),(4,'천장이 있는 복원추출','swr_ceiling.csv'),(5,'복원추출','swr.csv');
/*!40000 ALTER TABLE `gacha` ENABLE KEYS */;
UNLOCK TABLES;

--
-- Dumping data for table `game`
--

LOCK TABLES `game` WRITE;
/*!40000 ALTER TABLE `game` DISABLE KEYS */;
INSERT INTO `game` VALUES (1,'카트라이더러쉬플러스','kartriderrushplus.csv'),(2,'메이플스토리','maplestory.csv');
/*!40000 ALTER TABLE `game` ENABLE KEYS */;
UNLOCK TABLES;

--
-- Table structure for table `history`
--

DROP TABLE IF EXISTS `history`;
/*!40101 SET @saved_cs_client     = @@character_set_client */;
/*!50503 SET character_set_client = utf8mb4 */;
CREATE TABLE `history` (
  `id` bigint NOT NULL AUTO_INCREMENT,
  `title` varchar(255) NOT NULL,
  `writer` varchar(255) NOT NULL,
  `inputprobcsv` text NOT NULL,
  `outputcalcjson` text NOT NULL,
  `view` bigint NOT NULL,
  `created_date` varchar(255) NOT NULL,
  `modified_date` varchar(255) NOT NULL,
  `user_id` bigint NOT NULL,
  `good` bigint NOT NULL,
  `game_id` bigint NOT NULL,
  `gamename` varchar(255) NOT NULL,
  `item_id` bigint NOT NULL,
  `itemname` varchar(255) NOT NULL,
  `gacha_id` bigint NOT NULL,
  `gachaname` varchar(255) NOT NULL,
  `price` bigint NOT NULL,
  PRIMARY KEY (`id`),
  KEY `user_id` (`user_id`),
  KEY `game_id` (`game_id`),
  KEY `history_ibfk_2` (`item_id`),
  KEY `history_ibfk_4` (`gacha_id`),
  CONSTRAINT `history_ibfk_1` FOREIGN KEY (`user_id`) REFERENCES `user` (`id`),
  CONSTRAINT `history_ibfk_2` FOREIGN KEY (`item_id`) REFERENCES `item` (`id`),
  CONSTRAINT `history_ibfk_3` FOREIGN KEY (`game_id`) REFERENCES `game` (`id`),
  CONSTRAINT `history_ibfk_4` FOREIGN KEY (`gacha_id`) REFERENCES `gacha` (`id`)
) ENGINE=InnoDB AUTO_INCREMENT=32 DEFAULT CHARSET=utf8mb3;
/*!40101 SET character_set_client = @saved_cs_client */;

--
-- Dumping data for table `history`
--

LOCK TABLES `history` WRITE;
/*!40000 ALTER TABLE `history` DISABLE KEYS */;
INSERT INTO `history` VALUES (9,'[복원추출]_[10원]_[admin]','admin','{\"itemProb\":\"10\",\"tryCnt\":\"10\"}','{0: 0.3486784401000001, 1: 0.3874204890000001, 2: 0.19371024450000007, 3: 0.05739562800000002, 4: 0.011160261000000003, 5: 0.0014880348000000005, 6: 0.00013778100000000007, 7: 8.748000000000003e-06, 8: 3.6450000000000023e-07, 9: 9.000000000000004e-09, 10: 1.0000000000000006e-10}}, {0: 0.0, 1: 0.09999999999999998, 2: 0.18999999999999995, 3: 0.2709999999999999, 4: 0.3439, 5: 0.40950999999999993, 6: 0.46855899999999995, 7: 0.5217030999999999, 8: 0.5695327899999999, 9: 0.6125795109999999, 10: 0.6513215599, 11: 0.6861894039099999, 12: 0.7175704635189999, 13: 0.7458134171670999, 14: 0.7712320754503899, 15: 0.794108867905351, 16: 0.8146979811148158, 17: 0.8332281830033342, 18: 0.8499053647030008, 19: 0.8649148282327007, 20: 0.8784233454094307, 21: 0.8905810108684876, 22: 0.9015229097816388, 23: 0.9113706188034749, 24: 0.9202335569231275, 25: 0.9282102012308147, 26: 0.9353891811077333, 27: 0.94185026299696, 28: 0.9476652366972639, 29: 0.9528987130275375, 30: 0.9576088417247838, 31: 0.9618479575523053, 32: 0.9656631617970749, 33: 0.9690968456173674, 34: 0.9721871610556306, 35: 0.9749684449500675, 36: 0.9774716004550608, 37: 0.9797244404095548, 38: 0.9817519963685992, 39: 0.9835767967317394, 40: 0.9852191170585654, 41: 0.9866972053527089, 42: 0.988027484817438, 43: 0.9892247363356942, 44: 0.9903022627021247}',7,'2022.06.07','2022.06.07',1,30,1,'카트라이더러쉬플러스',3,'고양이 비밀코드',5,'복원추출',10),(10,'[복원추출]_[11원]_[admin]','admin','{\"itemProb\":\"10\",\"tryCnt\":\"10\"}','{0: 0.3486784401000001, 1: 0.3874204890000001, 2: 0.19371024450000007, 3: 0.05739562800000002, 4: 0.011160261000000003, 5: 0.0014880348000000005, 6: 0.00013778100000000007, 7: 8.748000000000003e-06, 8: 3.6450000000000023e-07, 9: 9.000000000000004e-09, 10: 1.0000000000000006e-10}}, {0: 0.0, 1: 0.09999999999999998, 2: 0.18999999999999995, 3: 0.2709999999999999, 4: 0.3439, 5: 0.40950999999999993, 6: 0.46855899999999995, 7: 0.5217030999999999, 8: 0.5695327899999999, 9: 0.6125795109999999, 10: 0.6513215599, 11: 0.6861894039099999, 12: 0.7175704635189999, 13: 0.7458134171670999, 14: 0.7712320754503899, 15: 0.794108867905351, 16: 0.8146979811148158, 17: 0.8332281830033342, 18: 0.8499053647030008, 19: 0.8649148282327007, 20: 0.8784233454094307, 21: 0.8905810108684876, 22: 0.9015229097816388, 23: 0.9113706188034749, 24: 0.9202335569231275, 25: 0.9282102012308147, 26: 0.9353891811077333, 27: 0.94185026299696, 28: 0.9476652366972639, 29: 0.9528987130275375, 30: 0.9576088417247838, 31: 0.9618479575523053, 32: 0.9656631617970749, 33: 0.9690968456173674, 34: 0.9721871610556306, 35: 0.9749684449500675, 36: 0.9774716004550608, 37: 0.9797244404095548, 38: 0.9817519963685992, 39: 0.9835767967317394, 40: 0.9852191170585654, 41: 0.9866972053527089, 42: 0.988027484817438, 43: 0.9892247363356942, 44: 0.9903022627021247}',1,'2022.06.07','2022.06.07',1,0,1,'카트라이더러쉬플러스',3,'고양이 비밀코드',5,'복원추출',11),(11,'[복원추출]_[13원]_[admin]','admin','{\"itemProb\":\"13\",\"tryCnt\":\"11\"}','{0: 0.21612837034654903, 1: 0.3552454822937531, 2: 0.26541329136889596, 3: 0.11897837199295337, 4: 0.035556754848468826, 5: 0.0074383096349670405, 6: 0.0011114715546502478, 7: 0.00011862996888713643, 8: 8.86315859501594e-06, 9: 4.414600066483036e-07, 10: 1.3193057669949304e-08, 11: 1.7921603940370007e-10}}, {0: 0.0, 1: 0.13, 2: 0.24309999999999998, 3: 0.34149700000000005, 4: 0.42710239000000005, 5: 0.5015790793, 6: 0.566373798991, 7: 0.62274520512217, 8: 0.6717883284562879, 9: 0.7144558457569705, 10: 0.7515765858085643, 11: 0.7838716296534509, 12: 0.8119683177985023, 13: 0.836412436484697, 14: 0.8576788197416865, 15: 0.8761805731752672, 16: 0.8922770986624824, 17: 0.9062810758363598, 18: 0.918464535977633, 19: 0.9290641463005407, 20: 0.9382858072814704, 21: 0.9463086523348793, 22: 0.953288527531345, 23: 0.9593610189522701, 24: 0.964644086488475, 25: 0.9692403552449732, 26: 0.9732391090631267, 27: 0.9767180248849202, 28: 0.9797446816498806, 29: 0.9823778730353961, 30: 0.9846687495407946, 31: 0.9866618121004913, 32: 0.9883957765274275, 33: 0.9899043255788619, 34: 0.9912167632536099}',4,'2022.06.07','2022.06.07',1,0,1,'카트라이더러쉬플러스',3,'고양이 비밀코드',5,'복원추출',13),(12,'[복원추출]_[14원]_[admin]','admin','{\"itemProb\":\"112\",\"tryCnt\":\"1\"}','{0: -0.1200000000000001, 1: 1.12}}, {0: 0.0, 1: 1.12}',1,'2022.06.07','2022.06.07',1,0,1,'카트라이더러쉬플러스',1,'아이템1',5,'복원추출',14),(13,'[복원추출]_[10원]_[김형]','김형','{\"itemProb\":\"10\",\"tryCnt\":\"100\"}','{0: 2.6561398887587544e-05, 1: 0.0002951266543065283, 2: 0.0016231965986859057, 3: 0.005891602469304398, 4: 0.015874595542292404, 5: 0.03386580382355713, 6: 0.05957872894885052, 7: 0.08889524636812617, 8: 0.11482302655882966, 9: 0.13041627707916453, 10: 0.13186534682448858, 11: 0.11987758802226234, 12: 0.09878801235167915, 13: 0.07430209476023732, 14: 0.05130382733444958, 15: 0.03268243815379751, 16: 0.019291716965783256, 17: 0.01059153088317512, 18: 0.005426525082120586, 19: 0.0026021933142332636, 20: 0.0011709869914049687, 21: 0.0004956558693777647, 22: 0.00019776168525678485, 23: 7.451889589386095e-05, 24: 2.6564606406607846e-05, 25: 8.972933719565316e-06, 26: 2.8759402947324736e-06, 27: 8.758007481901359e-07, 28: 2.53704184991587e-07, 29: 6.998736137698953e-08, 30: 1.84040839176528e-08, 31: 4.617512094034752e-09, 32: 1.1062789391958262e-09, 33: 2.5328945409197366e-10, 34: 5.5458802039745875e-11, 35: 1.1619939474994372e-11, 36: 2.331160697143933e-12, 37: 4.4803088473637157e-13, 38: 8.253200508301582e-14, 39: 1.4578302892156642e-14, 40: 2.4702124345043196e-15, 41: 4.016605584559869e-16, 42: 6.269305012937363e-17, 43: 9.395857642128348e-18, 44: 1.3524340545487773e-18, 45: 1.8700322729563342e-19, 46: 2.4843423916086563e-20, 47: 3.1715009254578595e-21, 48: 3.8909617835478375e-22, 49: 4.5879821484010787e-23, 50: 5.1997131015212215e-24, 51: 5.664175491853183e-25, 52: 5.930440151726624e-26, 53: 5.967738517460753e-27, 54: 5.771269759684268e-28, 55: 5.363200180716694e-29, 56: 4.788571589925619e-30, 57: 4.107156919234449e-31, 58: 3.383290182511137e-32, 59: 2.6760487319297126e-33, 60: 2.0318147779466336e-34, 61: 1.4803750658991867e-35, 62: 1.0346707449833028e-36, 63: 6.934301289129716e-38, 64: 4.4543254808645754e-39, 65: 2.7411233728397388e-40, 66: 1.6151400345015298e-41, 67: 9.106925567670317e-43, 68: 4.91059711982223e-44, 69: 2.530420416011455e-45, 70: 1.2451275062913512e-46, 71: 5.845669043621366e-48, 72: 2.616117318904624e-49, 73: 1.1149358436732034e-50, 74: 4.520010177053528e-52, 75: 1.741040957087285e-53, 76: 6.363453790523702e-55, 77: 2.2037935205276896e-56, 78: 7.220406121387016e-58, 79: 2.234162231652804e-59, 80: 6.516306508987344e-61, 81: 1.7877384112448137e-62, 82: 4.602578565535427e-64, 83: 1.1090550760326332e-65, 84: 2.4939069170045982e-67, 85: 5.216014466937722e-69, 86: 1.010855516848396e-70, 87: 1.8074045001120746e-72, 88: 2.9666993057395167e-74, 89: 4.44449334193186e-76, 90: 6.03573169891981e-78, 91: 7.369635774016862e-80, 92: 8.010473667409633e-82, 93: 7.656366707201561e-84, 94: 6.3350551950840336e-86, 95: 4.4456527684800244e-88, 96: 2.5727157225000136e-90, 97: 1.1787930000000065e-92, 98: 4.009500000000022e-95, 99: 9.000000000000049e-98, 100: 1.0000000000000056e-100}}, {0: 0.0, 1: 0.09999999999999998, 2: 0.18999999999999995, 3: 0.2709999999999999, 4: 0.3439, 5: 0.40950999999999993, 6: 0.46855899999999995, 7: 0.5217030999999999, 8: 0.5695327899999999, 9: 0.6125795109999999, 10: 0.6513215599, 11: 0.6861894039099999, 12: 0.7175704635189999, 13: 0.7458134171670999, 14: 0.7712320754503899, 15: 0.794108867905351, 16: 0.8146979811148158, 17: 0.8332281830033342, 18: 0.8499053647030008, 19: 0.8649148282327007, 20: 0.8784233454094307, 21: 0.8905810108684876, 22: 0.9015229097816388, 23: 0.9113706188034749, 24: 0.9202335569231275, 25: 0.9282102012308147, 26: 0.9353891811077333, 27: 0.94185026299696, 28: 0.9476652366972639, 29: 0.9528987130275375, 30: 0.9576088417247838, 31: 0.9618479575523053, 32: 0.9656631617970749, 33: 0.9690968456173674, 34: 0.9721871610556306, 35: 0.9749684449500675, 36: 0.9774716004550608, 37: 0.9797244404095548, 38: 0.9817519963685992, 39: 0.9835767967317394, 40: 0.9852191170585654, 41: 0.9866972053527089, 42: 0.988027484817438, 43: 0.9892247363356942, 44: 0.9903022627021247}',45,'2022.06.08','2022.06.08',3,0,1,'카트라이더러쉬플러스',3,'고양이 비밀코드',5,'복원추출',10),(14,'[동일 아이템 구간별 확률]_[10원]_[admin]','admin','{\"startCnts\":[\"1\",\"11\",\"21\"],\"endCnts\":[\"10\",\"20\",\"30\"],\"itemProbs\":[\"1\",\"5\",\"20\"],\"tryCnt\":\"100\"}','{0: 0.05814171912630734, 1: 0.9418582808736926}}, {1: 0.010000000000000009, 2: 0.01990000000000003, 3: 0.02970100000000009, 4: 0.039403990000000055, 5: 0.04900995010000009, 6: 0.05851985059900011, 7: 0.06793465209301008, 8: 0.07725530557208005, 9: 0.08648275251635928, 10: 0.0956179249911957, 11: 0.14083702874163595, 12: 0.1837951773045542, 13: 0.22460541843932647, 14: 0.26337514751736013, 15: 0.3002063901414922, 16: 0.3351960706344176, 17: 0.3684362671026967, 18: 0.40001445374756195, 19: 0.4300137310601839, 20: 0.4585130445071748, 21: 0.5668104356057397, 22: 0.6534483484845919, 23: 0.7227586787876734, 24: 0.7782069430301388, 25: 0.8225655544241111, 26: 0.8580524435392888, 27: 0.8864419548314311, 28: 0.9091535638651448, 29: 0.9273228510921159, 30: 0.9418582808736927}',79,'2022.06.08','2022.06.08',1,0,1,'카트라이더러쉬플러스',3,'고양이 비밀코드',3,'동일 아이템 구간별 확률',10),(15,'[동일 아이템 구간별 확률]_[10원]_[admin]','admin','{\"startCnts\":[\"1\",\"11\",\"21\"],\"endCnts\":[\"10\",\"20\",\"30\"],\"itemProbs\":[\"1\",\"5\",\"20\"],\"tryCnt\":\"1001\"}','{0: 0.05814171912630734, 1: 0.9418582808736926}}, {1: 0.010000000000000009, 2: 0.01990000000000003, 3: 0.02970100000000009, 4: 0.039403990000000055, 5: 0.04900995010000009, 6: 0.05851985059900011, 7: 0.06793465209301008, 8: 0.07725530557208005, 9: 0.08648275251635928, 10: 0.0956179249911957, 11: 0.14083702874163595, 12: 0.1837951773045542, 13: 0.22460541843932647, 14: 0.26337514751736013, 15: 0.3002063901414922, 16: 0.3351960706344176, 17: 0.3684362671026967, 18: 0.40001445374756195, 19: 0.4300137310601839, 20: 0.4585130445071748, 21: 0.5668104356057397, 22: 0.6534483484845919, 23: 0.7227586787876734, 24: 0.7782069430301388, 25: 0.8225655544241111, 26: 0.8580524435392888, 27: 0.8864419548314311, 28: 0.9091535638651448, 29: 0.9273228510921159, 30: 0.9418582808736927}',1,'2022.06.08','2022.06.08',1,0,1,'카트라이더러쉬플러스',3,'고양이 비밀코드',3,'동일 아이템 구간별 확률',10),(16,'[동일 아이템 구간별 확률]_[10원]_[admin]','admin','{\"startCnts\":[\"1\",\"11\",\"21\"],\"endCnts\":[\"10\",\"20\",\"30\"],\"itemProbs\":[\"1\",\"5\",\"20\"],\"tryCnt\":\"100\"}','{0: 0.05814171912630734, 1: 0.9418582808736926}}, {1: 0.010000000000000009, 2: 0.01990000000000003, 3: 0.02970100000000009, 4: 0.039403990000000055, 5: 0.04900995010000009, 6: 0.05851985059900011, 7: 0.06793465209301008, 8: 0.07725530557208005, 9: 0.08648275251635928, 10: 0.0956179249911957, 11: 0.14083702874163595, 12: 0.1837951773045542, 13: 0.22460541843932647, 14: 0.26337514751736013, 15: 0.3002063901414922, 16: 0.3351960706344176, 17: 0.3684362671026967, 18: 0.40001445374756195, 19: 0.4300137310601839, 20: 0.4585130445071748, 21: 0.5668104356057397, 22: 0.6534483484845919, 23: 0.7227586787876734, 24: 0.7782069430301388, 25: 0.8225655544241111, 26: 0.8580524435392888, 27: 0.8864419548314311, 28: 0.9091535638651448, 29: 0.9273228510921159, 30: 0.9418582808736927}',3,'2022.06.08','2022.06.08',1,1,1,'카트라이더러쉬플러스',3,'고양이 비밀코드',3,'동일 아이템 구간별 확률',10),(17,'[동일 아이템 구간별 확률]_[211원]_[admin]','admin','{\"startCnts\":[\"1\",\"11\",\"21\"],\"endCnts\":[\"10\",\"20\",\"30\"],\"itemProbs\":[\"1\",\"5\",\"20\"],\"tryCnt\":\"100\"}','{0: 0.05814171912630734, 1: 0.9418582808736926}}, {1: 0.010000000000000009, 2: 0.01990000000000003, 3: 0.02970100000000009, 4: 0.039403990000000055, 5: 0.04900995010000009, 6: 0.05851985059900011, 7: 0.06793465209301008, 8: 0.07725530557208005, 9: 0.08648275251635928, 10: 0.0956179249911957, 11: 0.14083702874163595, 12: 0.1837951773045542, 13: 0.22460541843932647, 14: 0.26337514751736013, 15: 0.3002063901414922, 16: 0.3351960706344176, 17: 0.3684362671026967, 18: 0.40001445374756195, 19: 0.4300137310601839, 20: 0.4585130445071748, 21: 0.5668104356057397, 22: 0.6534483484845919, 23: 0.7227586787876734, 24: 0.7782069430301388, 25: 0.8225655544241111, 26: 0.8580524435392888, 27: 0.8864419548314311, 28: 0.9091535638651448, 29: 0.9273228510921159, 30: 0.9418582808736927}',2,'2022.06.08','2022.06.08',1,0,1,'카트라이더러쉬플러스',3,'고양이 비밀코드',3,'동일 아이템 구간별 확률',211),(18,'[복원추출]_[123원]_[admin]','admin','{\"itemProb\":\"10\",\"tryCnt\":\"10\"}','{0: 0.3486784401000001, 1: 0.3874204890000001, 2: 0.19371024450000007, 3: 0.05739562800000002, 4: 0.011160261000000003, 5: 0.0014880348000000005, 6: 0.00013778100000000007, 7: 8.748000000000003e-06, 8: 3.6450000000000023e-07, 9: 9.000000000000004e-09, 10: 1.0000000000000006e-10}}, {0: 0.0, 1: 0.09999999999999998, 2: 0.18999999999999995, 3: 0.2709999999999999, 4: 0.3439, 5: 0.40950999999999993, 6: 0.46855899999999995, 7: 0.5217030999999999, 8: 0.5695327899999999, 9: 0.6125795109999999, 10: 0.6513215599, 11: 0.6861894039099999, 12: 0.7175704635189999, 13: 0.7458134171670999, 14: 0.7712320754503899, 15: 0.794108867905351, 16: 0.8146979811148158, 17: 0.8332281830033342, 18: 0.8499053647030008, 19: 0.8649148282327007, 20: 0.8784233454094307, 21: 0.8905810108684876, 22: 0.9015229097816388, 23: 0.9113706188034749, 24: 0.9202335569231275, 25: 0.9282102012308147, 26: 0.9353891811077333, 27: 0.94185026299696, 28: 0.9476652366972639, 29: 0.9528987130275375, 30: 0.9576088417247838, 31: 0.9618479575523053, 32: 0.9656631617970749, 33: 0.9690968456173674, 34: 0.9721871610556306, 35: 0.9749684449500675, 36: 0.9774716004550608, 37: 0.9797244404095548, 38: 0.9817519963685992, 39: 0.9835767967317394, 40: 0.9852191170585654, 41: 0.9866972053527089, 42: 0.988027484817438, 43: 0.9892247363356942, 44: 0.9903022627021247}',1,'2022.06.08','2022.06.08',1,2,1,'카트라이더러쉬플러스',1,'왕벌 비밀코드',5,'복원추출',123),(19,'[복원추출]_[321원]_[admin]','admin','{\"itemProb\":\"10\",\"tryCnt\":\"10\"}','{0: 0.3486784401000001, 1: 0.3874204890000001, 2: 0.19371024450000007, 3: 0.05739562800000002, 4: 0.011160261000000003, 5: 0.0014880348000000005, 6: 0.00013778100000000007, 7: 8.748000000000003e-06, 8: 3.6450000000000023e-07, 9: 9.000000000000004e-09, 10: 1.0000000000000006e-10}}, {0: 0.0, 1: 0.09999999999999998, 2: 0.18999999999999995, 3: 0.2709999999999999, 4: 0.3439, 5: 0.40950999999999993, 6: 0.46855899999999995, 7: 0.5217030999999999, 8: 0.5695327899999999, 9: 0.6125795109999999, 10: 0.6513215599, 11: 0.6861894039099999, 12: 0.7175704635189999, 13: 0.7458134171670999, 14: 0.7712320754503899, 15: 0.794108867905351, 16: 0.8146979811148158, 17: 0.8332281830033342, 18: 0.8499053647030008, 19: 0.8649148282327007, 20: 0.8784233454094307, 21: 0.8905810108684876, 22: 0.9015229097816388, 23: 0.9113706188034749, 24: 0.9202335569231275, 25: 0.9282102012308147, 26: 0.9353891811077333, 27: 0.94185026299696, 28: 0.9476652366972639, 29: 0.9528987130275375, 30: 0.9576088417247838, 31: 0.9618479575523053, 32: 0.9656631617970749, 33: 0.9690968456173674, 34: 0.9721871610556306, 35: 0.9749684449500675, 36: 0.9774716004550608, 37: 0.9797244404095548, 38: 0.9817519963685992, 39: 0.9835767967317394, 40: 0.9852191170585654, 41: 0.9866972053527089, 42: 0.988027484817438, 43: 0.9892247363356942, 44: 0.9903022627021247}',0,'2022.06.08','2022.06.08',1,0,2,'메이플스토리',4,'로얄스타일',5,'복원추출',321),(20,'[복원추출]_[123원]_[admin]','admin','{\"itemProb\":\"10\",\"tryCnt\":\"10\"}','{0: 0.3486784401000001, 1: 0.3874204890000001, 2: 0.19371024450000007, 3: 0.05739562800000002, 4: 0.011160261000000003, 5: 0.0014880348000000005, 6: 0.00013778100000000007, 7: 8.748000000000003e-06, 8: 3.6450000000000023e-07, 9: 9.000000000000004e-09, 10: 1.0000000000000006e-10}}, {0: 0.0, 1: 0.09999999999999998, 2: 0.18999999999999995, 3: 0.2709999999999999, 4: 0.3439, 5: 0.40950999999999993, 6: 0.46855899999999995, 7: 0.5217030999999999, 8: 0.5695327899999999, 9: 0.6125795109999999, 10: 0.6513215599, 11: 0.6861894039099999, 12: 0.7175704635189999, 13: 0.7458134171670999, 14: 0.7712320754503899, 15: 0.794108867905351, 16: 0.8146979811148158, 17: 0.8332281830033342, 18: 0.8499053647030008, 19: 0.8649148282327007, 20: 0.8784233454094307, 21: 0.8905810108684876, 22: 0.9015229097816388, 23: 0.9113706188034749, 24: 0.9202335569231275, 25: 0.9282102012308147, 26: 0.9353891811077333, 27: 0.94185026299696, 28: 0.9476652366972639, 29: 0.9528987130275375, 30: 0.9576088417247838, 31: 0.9618479575523053, 32: 0.9656631617970749, 33: 0.9690968456173674, 34: 0.9721871610556306, 35: 0.9749684449500675, 36: 0.9774716004550608, 37: 0.9797244404095548, 38: 0.9817519963685992, 39: 0.9835767967317394, 40: 0.9852191170585654, 41: 0.9866972053527089, 42: 0.988027484817438, 43: 0.9892247363356942, 44: 0.9903022627021247}',13,'2022.06.08','2022.06.08',1,0,1,'카트라이더러쉬플러스',5,'백작 비밀코드',5,'복원추출',123),(21,'[복원추출]_[123원]_[admin]','admin','{\"itemProb\":\"10\",\"tryCnt\":\"10\"}','{0: 0.3486784401000001, 1: 0.3874204890000001, 2: 0.19371024450000007, 3: 0.05739562800000002, 4: 0.011160261000000003, 5: 0.0014880348000000005, 6: 0.00013778100000000007, 7: 8.748000000000003e-06, 8: 3.6450000000000023e-07, 9: 9.000000000000004e-09, 10: 1.0000000000000006e-10}}, {0: 0.0, 1: 0.09999999999999998, 2: 0.18999999999999995, 3: 0.2709999999999999, 4: 0.3439, 5: 0.40950999999999993, 6: 0.46855899999999995, 7: 0.5217030999999999, 8: 0.5695327899999999, 9: 0.6125795109999999, 10: 0.6513215599, 11: 0.6861894039099999, 12: 0.7175704635189999, 13: 0.7458134171670999, 14: 0.7712320754503899, 15: 0.794108867905351, 16: 0.8146979811148158, 17: 0.8332281830033342, 18: 0.8499053647030008, 19: 0.8649148282327007, 20: 0.8784233454094307, 21: 0.8905810108684876, 22: 0.9015229097816388, 23: 0.9113706188034749, 24: 0.9202335569231275, 25: 0.9282102012308147, 26: 0.9353891811077333, 27: 0.94185026299696, 28: 0.9476652366972639, 29: 0.9528987130275375, 30: 0.9576088417247838, 31: 0.9618479575523053, 32: 0.9656631617970749, 33: 0.9690968456173674, 34: 0.9721871610556306, 35: 0.9749684449500675, 36: 0.9774716004550608, 37: 0.9797244404095548, 38: 0.9817519963685992, 39: 0.9835767967317394, 40: 0.9852191170585654, 41: 0.9866972053527089, 42: 0.988027484817438, 43: 0.9892247363356942, 44: 0.9903022627021247}',3,'2022.06.09','2022.06.09',1,0,1,'카트라이더러쉬플러스',5,'백작 비밀코드',5,'복원추출',123),(22,'[천장이 있는 복원추출]_[13원]_[admin]','admin','{\"itemProb\":\"10\",\"tryCnt\":\"154\",\"maxTryCnt\":\"1000\"}','{0: 8.981449941034017e-08, 1: 0.9999999101855006}}, {0: 0.0, 1: 0.09999999999999998, 2: 0.18999999999999995, 3: 0.2709999999999999, 4: 0.3439, 5: 0.40950999999999993, 6: 0.46855899999999995, 7: 0.5217030999999999, 8: 0.5695327899999999, 9: 0.6125795109999999, 10: 0.6513215599, 11: 0.6861894039099999, 12: 0.7175704635189999, 13: 0.7458134171670999, 14: 0.7712320754503899, 15: 0.794108867905351, 16: 0.8146979811148158, 17: 0.8332281830033342, 18: 0.8499053647030008, 19: 0.8649148282327007, 20: 0.8784233454094307, 21: 0.8905810108684876, 22: 0.9015229097816388, 23: 0.9113706188034749, 24: 0.9202335569231275, 25: 0.9282102012308147, 26: 0.9353891811077333, 27: 0.94185026299696, 28: 0.9476652366972639, 29: 0.9528987130275375, 30: 0.9576088417247838, 31: 0.9618479575523053, 32: 0.9656631617970749, 33: 0.9690968456173674, 34: 0.9721871610556306, 35: 0.9749684449500675, 36: 0.9774716004550608, 37: 0.9797244404095548, 38: 0.9817519963685992, 39: 0.9835767967317394, 40: 0.9852191170585654, 41: 0.9866972053527089, 42: 0.988027484817438, 43: 0.9892247363356942, 44: 0.9903022627021247, 45: 0.9912720364319123, 46: 0.992144832788721, 47: 0.9929303495098489, 48: 0.9936373145588641, 49: 0.9942735831029776, 50: 0.9948462247926799, 51: 0.9953616023134119, 52: 0.9958254420820707, 53: 0.9962428978738637, 54: 0.9966186080864773, 55: 0.9969567472778296, 56: 0.9972610725500466, 57: 0.9975349652950419, 58: 0.9977814687655377, 59: 0.998003321888984, 60: 0.9982029897000856, 61: 0.998382690730077, 62: 0.9985444216570694, 63: 0.9986899794913624, 64: 0.9988209815422261, 65: 0.9989388833880035, 66: 0.9990449950492032, 67: 0.9991404955442829, 68: 0.9992264459898546, 69: 0.9993038013908692, 70: 0.9993734212517822, 71: 0.9994360791266039, 72: 0.9994924712139436, 73: 0.9995432240925493, 74: 0.9995889016832943, 75: 0.9996300115149649, 76: 0.9996670103634684, 77: 0.9997003093271215, 78: 0.9997302783944094, 79: 0.9997572505549684, 80: 0.9997815254994716, 81: 0.9998033729495245, 82: 0.999823035654572, 83: 0.9998407320891148, 84: 0.9998566588802034, 85: 0.999870992992183, 86: 0.9998838936929647, 87: 0.9998955043236682, 88: 0.9999059538913014, 89: 0.9999153585021713, 90: 0.9999238226519541, 91: 0.9999314403867587, 92: 0.9999382963480828, 93: 0.9999444667132745, 94: 0.9999500200419471, 95: 0.9999550180377524, 96: 0.9999595162339772, 97: 0.9999635646105794, 98: 0.9999672081495214, 99: 0.9999704873345694, 100: 0.9999734386011124, 101: 0.9999760947410011, 102: 0.999978485266901, 103: 0.999980636740211, 104: 0.9999825730661899, 105: 0.9999843157595709, 106: 0.9999858841836138, 107: 0.9999872957652524, 108: 0.9999885661887271, 109: 0.9999897095698544, 110: 0.999990738612869, 111: 0.9999916647515821, 112: 0.9999924982764239, 113: 0.9999932484487815, 114: 0.9999939236039034, 115: 0.999994531243513, 116: 0.9999950781191617, 117: 0.9999955703072455, 118: 0.999996013276521, 119: 0.9999964119488689, 120: 0.999996770753982, 121: 0.9999970936785838, 122: 0.9999973843107254, 123: 0.9999976458796529, 124: 0.9999978812916875, 125: 0.9999980931625189, 126: 0.999998283846267, 127: 0.9999984554616402, 128: 0.9999986099154762, 129: 0.9999987489239286, 130: 0.9999988740315358, 131: 0.9999989866283822, 132: 0.9999990879655439, 133: 0.9999991791689895, 134: 0.9999992612520906, 135: 0.9999993351268816, 136: 0.9999994016141934, 137: 0.9999994614527741, 138: 0.9999995153074966, 139: 0.9999995637767469, 140: 0.9999996073990722, 141: 0.9999996466591651, 142: 0.9999996819932485, 143: 0.9999997137939237, 144: 0.9999997424145314, 145: 0.9999997681730782, 146: 0.9999997913557703, 147: 0.9999998122201933, 148: 0.999999830998174, 149: 0.9999998478983566, 150: 0.999999863108521, 151: 0.9999998767976689, 152: 0.9999998891179019, 153: 0.9999999002061117, 154: 0.9999999101855006, 155: 0.9999999191669505, 156: 0.9999999272502554, 157: 0.99999993452523, 158: 0.999999941072707, 159: 0.9999999469654363, 160: 0.9999999522688926, 161: 0.9999999570420034, 162: 0.999999961337803, 163: 0.9999999652040227, 164: 0.9999999686836204, 165: 0.9999999718152583, 166: 0.9999999746337326, 167: 0.9999999771703593, 168: 0.9999999794533234, 169: 0.9999999815079911, 170: 0.999999983357192, 171: 0.9999999850214727, 172: 0.9999999865193254, 173: 0.999999987867393, 174: 0.9999999890806536, 175: 0.9999999901725882, 176: 0.9999999911553294, 177: 0.9999999920397965, 178: 0.9999999928358169, 179: 0.9999999935522351, 180: 0.9999999941970117, 181: 0.9999999947773105, 182: 0.9999999952995794, 183: 0.9999999957696215, 184: 0.9999999961926593, 185: 0.9999999965733934, 186: 0.999999996916054, 187: 0.9999999972244487, 188: 0.9999999975020037, 189: 0.9999999977518034, 190: 0.9999999979766231, 191: 0.9999999981789608, 192: 0.9999999983610647, 193: 0.9999999985249582, 194: 0.9999999986724624, 195: 0.9999999988052162, 196: 0.9999999989246945, 197: 0.9999999990322251, 198: 0.9999999991290026, 199: 0.9999999992161023, 200: 0.9999999992944921, 201: 0.9999999993650429, 202: 0.9999999994285386, 203: 0.9999999994856847, 204: 0.9999999995371163, 205: 0.9999999995834047, 206: 0.9999999996250641, 207: 0.9999999996625577, 208: 0.9999999996963019, 209: 0.9999999997266718, 210: 0.9999999997540046, 211: 0.9999999997786041, 212: 0.9999999998007437, 213: 0.9999999998206693, 214: 0.9999999998386024, 215: 0.9999999998547422, 216: 0.9999999998692679, 217: 0.9999999998823411, 218: 0.999999999894107, 219: 0.9999999999046963, 220: 0.9999999999142267, 221: 0.9999999999228041, 222: 0.9999999999305237, 223: 0.9999999999374712, 224: 0.9999999999437241, 225: 0.9999999999493517, 226: 0.9999999999544166, 227: 0.9999999999589749, 228: 0.9999999999630774, 229: 0.9999999999667697, 230: 0.9999999999700927, 231: 0.9999999999730834, 232: 0.999999999975775, 233: 0.9999999999781976, 234: 0.9999999999803778, 235: 0.99999999998234, 236: 0.999999999984106, 237: 0.9999999999856954, 238: 0.9999999999871259, 239: 0.9999999999884133, 240: 0.999999999989572, 241: 0.9999999999906147, 242: 0.9999999999915533, 243: 0.999999999992398, 244: 0.9999999999931581, 245: 0.9999999999938424, 246: 0.9999999999944581, 247: 0.9999999999950123, 248: 0.999999999995511, 249: 0.99999999999596, 250: 0.999999999996364, 251: 0.9999999999967276, 252: 0.9999999999970548, 253: 0.9999999999973493, 254: 0.9999999999976144, 255: 0.9999999999978529, 256: 0.9999999999980677, 257: 0.999999999998261, 258: 0.9999999999984348, 259: 0.9999999999985913, 260: 0.9999999999987322, 261: 0.999999999998859, 262: 0.999999999998973, 263: 0.9999999999990757, 264: 0.9999999999991682, 265: 0.9999999999992514, 266: 0.9999999999993262, 267: 0.9999999999993936, 268: 0.9999999999994542, 269: 0.9999999999995088, 270: 0.9999999999995579, 271: 0.9999999999996021, 272: 0.999999999999642, 273: 0.9999999999996777, 274: 0.99999999999971, 275: 0.999999999999739, 276: 0.9999999999997651, 277: 0.9999999999997886, 278: 0.9999999999998097, 279: 0.9999999999998287, 280: 0.9999999999998459, 281: 0.9999999999998613, 282: 0.9999999999998751, 283: 0.9999999999998876, 284: 0.9999999999998989, 285: 0.999999999999909, 286: 0.9999999999999181, 287: 0.9999999999999263, 288: 0.9999999999999336, 289: 0.9999999999999403, 290: 0.9999999999999463, 291: 0.9999999999999516, 292: 0.9999999999999565, 293: 0.9999999999999608, 294: 0.9999999999999647, 295: 0.9999999999999682, 296: 0.9999999999999715, 297: 0.9999999999999742, 298: 0.9999999999999769, 299: 0.9999999999999791, 300: 0.9999999999999812, 301: 0.9999999999999831, 302: 0.9999999999999848, 303: 0.9999999999999863, 304: 0.9999999999999877, 305: 0.9999999999999889, 306: 0.99999999999999, 307: 0.999999999999991, 308: 0.9999999999999919, 309: 0.9999999999999928, 310: 0.9999999999999934, 311: 0.9999999999999941, 312: 0.9999999999999947, 313: 0.9999999999999952, 314: 0.9999999999999957, 315: 0.9999999999999961, 316: 0.9999999999999966, 317: 0.9999999999999969, 318: 0.9999999999999972, 319: 0.9999999999999974, 320: 0.9999999999999977, 321: 0.999999999999998, 322: 0.9999999999999981, 323: 0.9999999999999983, 324: 0.9999999999999986, 325: 0.9999999999999987, 326: 0.9999999999999988, 327: 0.9999999999999989, 328: 0.999999999999999, 329: 0.9999999999999991, 330: 0.9999999999999992, 331: 0.9999999999999993, 332: 0.9999999999999993, 333: 0.9999999999999994, 334: 0.9999999999999994, 335: 0.9999999999999996, 336: 0.9999999999999996, 337: 0.9999999999999997, 338: 0.9999999999999997, 339: 0.9999999999999997, 340: 0.9999999999999998, 341: 0.9999999999999998, 342: 0.9999999999999998, 343: 0.9999999999999998, 344: 0.9999999999999998, 345: 0.9999999999999999, 346: 0.9999999999999999, 347: 0.9999999999999999, 348: 0.9999999999999999, 349: 0.9999999999999999, 350: 0.9999999999999999, 351: 0.9999999999999999, 352: 0.9999999999999999, 353: 0.9999999999999999, 354: 0.9999999999999999, 355: 0.9999999999999999, 356: 1.0, 357: 1.0, 358: 1.0, 359: 1.0, 360: 1.0, 361: 1.0, 362: 1.0, 363: 1.0, 364: 1.0, 365: 1.0, 366: 1.0, 367: 1.0, 368: 1.0, 369: 1.0, 370: 1.0, 371: 1.0, 372: 1.0, 373: 1.0, 374: 1.0, 375: 1.0, 376: 1.0, 377: 1.0, 378: 1.0, 379: 1.0, 380: 1.0, 381: 1.0, 382: 1.0, 383: 1.0, 384: 1.0, 385: 1.0, 386: 1.0, 387: 1.0, 388: 1.0, 389: 1.0, 390: 1.0, 391: 1.0, 392: 1.0, 393: 1.0, 394: 1.0, 395: 1.0, 396: 1.0, 397: 1.0, 398: 1.0, 399: 1.0, 400: 1.0, 401: 1.0, 402: 1.0, 403: 1.0, 404: 1.0, 405: 1.0, 406: 1.0, 407: 1.0, 408: 1.0, 409: 1.0, 410: 1.0, 411: 1.0, 412: 1.0, 413: 1.0, 414: 1.0, 415: 1.0, 416: 1.0, 417: 1.0, 418: 1.0, 419: 1.0, 420: 1.0, 421: 1.0, 422: 1.0, 423: 1.0, 424: 1.0, 425: 1.0, 426: 1.0, 427: 1.0, 428: 1.0, 429: 1.0, 430: 1.0, 431: 1.0, 432: 1.0, 433: 1.0, 434: 1.0, 435: 1.0, 436: 1.0, 437: 1.0, 438: 1.0, 439: 1.0, 440: 1.0, 441: 1.0, 442: 1.0, 443: 1.0, 444: 1.0, 445: 1.0, 446: 1.0, 447: 1.0, 448: 1.0, 449: 1.0, 450: 1.0, 451: 1.0, 452: 1.0, 453: 1.0, 454: 1.0, 455: 1.0, 456: 1.0, 457: 1.0, 458: 1.0, 459: 1.0, 460: 1.0, 461: 1.0, 462: 1.0, 463: 1.0, 464: 1.0, 465: 1.0, 466: 1.0, 467: 1.0, 468: 1.0, 469: 1.0, 470: 1.0, 471: 1.0, 472: 1.0, 473: 1.0, 474: 1.0, 475: 1.0, 476: 1.0, 477: 1.0, 478: 1.0, 479: 1.0, 480: 1.0, 481: 1.0, 482: 1.0, 483: 1.0, 484: 1.0, 485: 1.0, 486: 1.0, 487: 1.0, 488: 1.0, 489: 1.0, 490: 1.0, 491: 1.0, 492: 1.0, 493: 1.0, 494: 1.0, 495: 1.0, 496: 1.0, 497: 1.0, 498: 1.0, 499: 1.0, 500: 1.0, 501: 1.0, 502: 1.0, 503: 1.0, 504: 1.0, 505: 1.0, 506: 1.0, 507: 1.0, 508: 1.0, 509: 1.0, 510: 1.0, 511: 1.0, 512: 1.0, 513: 1.0, 514: 1.0, 515: 1.0, 516: 1.0, 517: 1.0, 518: 1.0, 519: 1.0, 520: 1.0, 521: 1.0, 522: 1.0, 523: 1.0, 524: 1.0, 525: 1.0, 526: 1.0, 527: 1.0, 528: 1.0, 529: 1.0, 530: 1.0, 531: 1.0, 532: 1.0, 533: 1.0, 534: 1.0, 535: 1.0, 536: 1.0, 537: 1.0, 538: 1.0, 539: 1.0, 540: 1.0, 541: 1.0, 542: 1.0, 543: 1.0, 544: 1.0, 545: 1.0, 546: 1.0, 547: 1.0, 548: 1.0, 549: 1.0, 550: 1.0, 551: 1.0, 552: 1.0, 553: 1.0, 554: 1.0, 555: 1.0, 556: 1.0, 557: 1.0, 558: 1.0, 559: 1.0, 560: 1.0, 561: 1.0, 562: 1.0, 563: 1.0, 564: 1.0, 565: 1.0, 566: 1.0, 567: 1.0, 568: 1.0, 569: 1.0, 570: 1.0, 571: 1.0, 572: 1.0, 573: 1.0, 574: 1.0, 575: 1.0, 576: 1.0, 577: 1.0, 578: 1.0, 579: 1.0, 580: 1.0, 581: 1.0, 582: 1.0, 583: 1.0, 584: 1.0, 585: 1.0, 586: 1.0, 587: 1.0, 588: 1.0, 589: 1.0, 590: 1.0, 591: 1.0, 592: 1.0, 593: 1.0, 594: 1.0, 595: 1.0, 596: 1.0, 597: 1.0, 598: 1.0, 599: 1.0, 600: 1.0, 601: 1.0, 602: 1.0, 603: 1.0, 604: 1.0, 605: 1.0, 606: 1.0, 607: 1.0, 608: 1.0, 609: 1.0, 610: 1.0, 611: 1.0, 612: 1.0, 613: 1.0, 614: 1.0, 615: 1.0, 616: 1.0, 617: 1.0, 618: 1.0, 619: 1.0, 620: 1.0, 621: 1.0, 622: 1.0, 623: 1.0, 624: 1.0, 625: 1.0, 626: 1.0, 627: 1.0, 628: 1.0, 629: 1.0, 630: 1.0, 631: 1.0, 632: 1.0, 633: 1.0, 634: 1.0, 635: 1.0, 636: 1.0, 637: 1.0, 638: 1.0, 639: 1.0, 640: 1.0, 641: 1.0, 642: 1.0, 643: 1.0, 644: 1.0, 645: 1.0, 646: 1.0, 647: 1.0, 648: 1.0, 649: 1.0, 650: 1.0, 651: 1.0, 652: 1.0, 653: 1.0, 654: 1.0, 655: 1.0, 656: 1.0, 657: 1.0, 658: 1.0, 659: 1.0, 660: 1.0, 661: 1.0, 662: 1.0, 663: 1.0, 664: 1.0, 665: 1.0, 666: 1.0, 667: 1.0, 668: 1.0, 669: 1.0, 670: 1.0, 671: 1.0, 672: 1.0, 673: 1.0, 674: 1.0, 675: 1.0, 676: 1.0, 677: 1.0, 678: 1.0, 679: 1.0, 680: 1.0, 681: 1.0, 682: 1.0, 683: 1.0, 684: 1.0, 685: 1.0, 686: 1.0, 687: 1.0, 688: 1.0, 689: 1.0, 690: 1.0, 691: 1.0, 692: 1.0, 693: 1.0, 694: 1.0, 695: 1.0, 696: 1.0, 697: 1.0, 698: 1.0, 699: 1.0, 700: 1.0, 701: 1.0, 702: 1.0, 703: 1.0, 704: 1.0, 705: 1.0, 706: 1.0, 707: 1.0, 708: 1.0, 709: 1.0, 710: 1.0, 711: 1.0, 712: 1.0, 713: 1.0, 714: 1.0, 715: 1.0, 716: 1.0, 717: 1.0, 718: 1.0, 719: 1.0, 720: 1.0, 721: 1.0, 722: 1.0, 723: 1.0, 724: 1.0, 725: 1.0, 726: 1.0, 727: 1.0, 728: 1.0, 729: 1.0, 730: 1.0, 731: 1.0, 732: 1.0, 733: 1.0, 734: 1.0, 735: 1.0, 736: 1.0, 737: 1.0, 738: 1.0, 739: 1.0, 740: 1.0, 741: 1.0, 742: 1.0, 743: 1.0, 744: 1.0, 745: 1.0, 746: 1.0, 747: 1.0, 748: 1.0, 749: 1.0, 750: 1.0, 751: 1.0, 752: 1.0, 753: 1.0, 754: 1.0, 755: 1.0, 756: 1.0, 757: 1.0, 758: 1.0, 759: 1.0, 760: 1.0, 761: 1.0, 762: 1.0, 763: 1.0, 764: 1.0, 765: 1.0, 766: 1.0, 767: 1.0, 768: 1.0, 769: 1.0, 770: 1.0, 771: 1.0, 772: 1.0, 773: 1.0, 774: 1.0, 775: 1.0, 776: 1.0, 777: 1.0, 778: 1.0, 779: 1.0, 780: 1.0, 781: 1.0, 782: 1.0, 783: 1.0, 784: 1.0, 785: 1.0, 786: 1.0, 787: 1.0, 788: 1.0, 789: 1.0, 790: 1.0, 791: 1.0, 792: 1.0, 793: 1.0, 794: 1.0, 795: 1.0, 796: 1.0, 797: 1.0, 798: 1.0, 799: 1.0, 800: 1.0, 801: 1.0, 802: 1.0, 803: 1.0, 804: 1.0, 805: 1.0, 806: 1.0, 807: 1.0, 808: 1.0, 809: 1.0, 810: 1.0, 811: 1.0, 812: 1.0, 813: 1.0, 814: 1.0, 815: 1.0, 816: 1.0, 817: 1.0, 818: 1.0, 819: 1.0, 820: 1.0, 821: 1.0, 822: 1.0, 823: 1.0, 824: 1.0, 825: 1.0, 826: 1.0, 827: 1.0, 828: 1.0, 829: 1.0, 830: 1.0, 831: 1.0, 832: 1.0, 833: 1.0, 834: 1.0, 835: 1.0, 836: 1.0, 837: 1.0, 838: 1.0, 839: 1.0, 840: 1.0, 841: 1.0, 842: 1.0, 843: 1.0, 844: 1.0, 845: 1.0, 846: 1.0, 847: 1.0, 848: 1.0, 849: 1.0, 850: 1.0, 851: 1.0, 852: 1.0, 853: 1.0, 854: 1.0, 855: 1.0, 856: 1.0, 857: 1.0, 858: 1.0, 859: 1.0, 860: 1.0, 861: 1.0, 862: 1.0, 863: 1.0, 864: 1.0, 865: 1.0, 866: 1.0, 867: 1.0, 868: 1.0, 869: 1.0, 870: 1.0, 871: 1.0, 872: 1.0, 873: 1.0, 874: 1.0, 875: 1.0, 876: 1.0, 877: 1.0, 878: 1.0, 879: 1.0, 880: 1.0, 881: 1.0, 882: 1.0, 883: 1.0, 884: 1.0, 885: 1.0, 886: 1.0, 887: 1.0, 888: 1.0, 889: 1.0, 890: 1.0, 891: 1.0, 892: 1.0, 893: 1.0, 894: 1.0, 895: 1.0, 896: 1.0, 897: 1.0, 898: 1.0, 899: 1.0, 900: 1.0, 901: 1.0, 902: 1.0, 903: 1.0, 904: 1.0, 905: 1.0, 906: 1.0, 907: 1.0, 908: 1.0, 909: 1.0, 910: 1.0, 911: 1.0, 912: 1.0, 913: 1.0, 914: 1.0, 915: 1.0, 916: 1.0, 917: 1.0, 918: 1.0, 919: 1.0, 920: 1.0, 921: 1.0, 922: 1.0, 923: 1.0, 924: 1.0, 925: 1.0, 926: 1.0, 927: 1.0, 928: 1.0, 929: 1.0, 930: 1.0, 931: 1.0, 932: 1.0, 933: 1.0, 934: 1.0, 935: 1.0, 936: 1.0, 937: 1.0, 938: 1.0, 939: 1.0, 940: 1.0, 941: 1.0, 942: 1.0, 943: 1.0, 944: 1.0, 945: 1.0, 946: 1.0, 947: 1.0, 948: 1.0, 949: 1.0, 950: 1.0, 951: 1.0, 952: 1.0, 953: 1.0, 954: 1.0, 955: 1.0, 956: 1.0, 957: 1.0, 958: 1.0, 959: 1.0, 960: 1.0, 961: 1.0, 962: 1.0, 963: 1.0, 964: 1.0, 965: 1.0, 966: 1.0, 967: 1.0, 968: 1.0, 969: 1.0, 970: 1.0, 971: 1.0, 972: 1.0, 973: 1.0, 974: 1.0, 975: 1.0, 976: 1.0, 977: 1.0, 978: 1.0, 979: 1.0, 980: 1.0, 981: 1.0, 982: 1.0, 983: 1.0, 984: 1.0, 985: 1.0, 986: 1.0, 987: 1.0, 988: 1.0, 989: 1.0, 990: 1.0, 991: 1.0, 992: 1.0, 993: 1.0, 994: 1.0, 995: 1.0, 996: 1.0, 997: 1.0, 998: 1.0, 999: 1.0, 1000: 1}',1,'2022.06.09','2022.06.09',1,0,1,'카트라이더러쉬플러스',5,'백작 비밀코드',4,'천장이 있는 복원추출',13),(23,'[동일 아이템 구간별 확률]_[12원]_[admin]','admin','{\"startCnts\":[\"1\",\"11\",\"21\"],\"endCnts\":[\"10\",\"20\",\"30\"],\"itemProbs\":[\"5\",\"10\",\"25\"],\"tryCnt\":\"100\"}','{0: 0.011756384491603364, 1: 0.9882436155083967}}, {1: 0.050000000000000044, 2: 0.09750000000000003, 3: 0.1426250000000001, 4: 0.18549375000000012, 5: 0.22621906250000012, 6: 0.2649081093750002, 7: 0.3016627039062503, 8: 0.33657956871093775, 9: 0.3697505902753909, 10: 0.40126306076162144, 11: 0.4611367546854592, 12: 0.5150230792169133, 13: 0.5635207712952219, 14: 0.6071686941656997, 15: 0.6464518247491298, 16: 0.6818066422742168, 17: 0.7136259780467951, 18: 0.7422633802421156, 19: 0.768037042217904, 20: 0.7912333379961136, 21: 0.8434250034970852, 22: 0.8825687526228139, 23: 0.9119265644671104, 24: 0.9339449233503329, 25: 0.9504586925127496, 26: 0.9628440193845622, 27: 0.9721330145384217, 28: 0.9790997609038162, 29: 0.9843248206778622, 30: 0.9882436155083967}',3,'2022.06.09','2022.06.09',1,0,1,'카트라이더러쉬플러스',5,'백작 비밀코드',3,'동일 아이템 구간별 확률',12),(24,'[다른 아이템 구간별 확률]_[12원]_[admin]','admin','{\"startCnt\":\"10\",\"tryCnt\":\"100\",\"itemProb\":\"10\"}','{0: 6.85596132412799e-05, 1: 0.9999314403867587}}, {0: 0, 1: 0, 2: 0, 3: 0, 4: 0, 5: 0, 6: 0, 7: 0, 8: 0, 9: 0, 10: 0.09999999999999998, 11: 0.18999999999999995, 12: 0.2709999999999999, 13: 0.3438999999999999, 14: 0.4095099999999998, 15: 0.46855899999999984, 16: 0.5217030999999999, 17: 0.5695327899999998, 18: 0.6125795109999999, 19: 0.6513215598999998, 20: 0.6861894039099998, 21: 0.7175704635189999, 22: 0.7458134171670998, 23: 0.7712320754503899, 24: 0.794108867905351, 25: 0.8146979811148158, 26: 0.8332281830033342, 27: 0.8499053647030008, 28: 0.8649148282327007, 29: 0.8784233454094307, 30: 0.8905810108684875, 31: 0.9015229097816388, 32: 0.9113706188034749, 33: 0.9202335569231275, 34: 0.9282102012308147, 35: 0.9353891811077332, 36: 0.9418502629969598, 37: 0.9476652366972639, 38: 0.9528987130275375, 39: 0.9576088417247838, 40: 0.9618479575523053, 41: 0.9656631617970748, 42: 0.9690968456173673, 43: 0.9721871610556306, 44: 0.9749684449500675, 45: 0.9774716004550608, 46: 0.9797244404095548, 47: 0.9817519963685992, 48: 0.9835767967317394, 49: 0.9852191170585654, 50: 0.9866972053527089, 51: 0.988027484817438, 52: 0.9892247363356942, 53: 0.9903022627021247}',1,'2022.06.09','2022.06.09',1,0,1,'카트라이더러쉬플러스',5,'백작 비밀코드',2,'다른 아이템 구간별 확률',12),(25,'[컴플리트가챠]_[12원]_[admin]','admin','{\"itemCnt\":\"3\",\"itemNames\":[\"a\",\"b\",\"c\"],\"itemProbs\":[\"1\",\"5\",\"20\"]}','{0: 0.0, 1: 0.0, 2: 0.0, 3: 0.0336, 4: 0.0687, 5: 0.1039, 6: 0.1382, 7: 0.1752, 8: 0.2086, 9: 0.2417, 10: 0.2762, 11: 0.311, 12: 0.3421, 13: 0.3731, 14: 0.3992, 15: 0.4269, 16: 0.4513, 17: 0.4731, 18: 0.4967, 19: 0.5169, 20: 0.5374, 21: 0.5558, 22: 0.5732, 23: 0.5906, 24: 0.6057, 25: 0.6208, 26: 0.6362, 27: 0.6482, 28: 0.663, 29: 0.6766, 30: 0.6896, 31: 0.6997, 32: 0.7106, 33: 0.7228, 34: 0.735, 35: 0.7462, 36: 0.7562, 37: 0.7663, 38: 0.775, 39: 0.7828, 40: 0.792, 41: 0.802, 42: 0.8088, 43: 0.8169, 44: 0.8247, 45: 0.8324, 46: 0.8391, 47: 0.8443, 48: 0.85, 49: 0.8563, 50: 0.8614, 51: 0.8675, 52: 0.8729, 53: 0.8773, 54: 0.8821, 55: 0.8855, 56: 0.8894, 57: 0.8943, 58: 0.899, 59: 0.904, 60: 0.9089, 61: 0.9133, 62: 0.9157, 63: 0.9184, 64: 0.9209, 65: 0.9234, 66: 0.9254, 67: 0.9278, 68: 0.9308, 69: 0.9328, 70: 0.9354, 71: 0.9377, 72: 0.939, 73: 0.9412, 74: 0.9431, 75: 0.9454, 76: 0.9471, 77: 0.9488, 78: 0.9504, 79: 0.9527, 80: 0.9551, 81: 0.9573, 82: 0.9589, 83: 0.9607, 84: 0.9627, 85: 0.9649, 86: 0.9661, 87: 0.9676, 88: 0.9685, 89: 0.9699, 90: 0.9703, 91: 0.9712, 92: 0.9723, 93: 0.9733, 94: 0.9743, 95: 0.9753, 96: 0.9763, 97: 0.9769, 98: 0.9779, 99: 0.9789, 100: 0.9798, 101: 0.9806, 102: 0.9817, 103: 0.9828, 104: 0.9837, 105: 0.9841, 106: 0.9848, 107: 0.9852, 108: 0.9858, 109: 0.9858, 110: 0.9867, 111: 0.987, 112: 0.9874, 113: 0.9881, 114: 0.9885, 115: 0.9888, 116: 0.9891, 117: 0.9892, 118: 0.9895, 119: 0.9897, 120: 0.9899, 121: 0.9901, 122: 0.9902, 123: 0.9904, 124: 0.9906, 125: 0.991, 126: 0.9912, 127: 0.9914, 128: 0.9918, 129: 0.992, 130: 0.9923, 131: 0.9928, 132: 0.9931, 133: 0.9935, 134: 0.9936, 135: 0.9939, 136: 0.9942, 137: 0.9944, 138: 0.9946, 139: 0.9948, 140: 0.9949, 141: 0.9951, 142: 0.9952, 143: 0.9955, 144: 0.9956, 145: 0.9956, 146: 0.9958, 147: 0.996, 148: 0.9961, 149: 0.9964, 150: 0.9965, 151: 0.9965, 152: 0.9967, 153: 0.9967, 154: 0.9969, 155: 0.9971, 156: 0.9973, 157: 0.9973, 158: 0.9973, 159: 0.9973, 160: 0.9975, 161: 0.9977, 162: 0.9978, 163: 0.9978, 164: 0.9981, 165: 0.9982, 166: 0.9983, 167: 0.9984, 168: 0.9984, 169: 0.9985, 170: 0.9985, 171: 0.9985, 172: 0.9985, 173: 0.9985, 174: 0.9986, 175: 0.9988, 176: 0.9988, 177: 0.9989, 178: 0.9989, 179: 0.9989, 180: 0.9989, 181: 0.9989, 182: 0.9989, 183: 0.9989, 184: 0.9989, 185: 0.9989, 186: 0.9989, 187: 0.999, 188: 0.999, 189: 0.9991, 190: 0.9991, 191: 0.9993, 192: 0.9993, 193: 0.9993, 194: 0.9993, 195: 0.9993, 196: 0.9994, 197: 0.9994, 198: 0.9995, 199: 0.9995, 200: 0.9996, 201: 0.9996, 202: 0.9996, 203: 0.9996, 204: 0.9996, 205: 0.9996, 206: 0.9996, 207: 0.9997, 208: 0.9997, 209: 0.9997, 210: 0.9997, 211: 0.9997, 212: 0.9997, 213: 0.9997, 214: 0.9997, 215: 0.9997, 216: 0.9997, 217: 0.9997, 218: 0.9997, 219: 0.9997, 220: 0.9997, 221: 0.9997, 222: 0.9997, 223: 0.9997, 224: 0.9997, 225: 0.9997, 226: 0.9997, 227: 0.9997, 228: 0.9997, 229: 0.9997, 230: 0.9997, 231: 0.9998, 232: 0.9998, 233: 0.9998, 234: 0.9998, 235: 0.9998, 236: 0.9998, 237: 0.9998, 238: 0.9998, 239: 0.9998, 240: 0.9998, 241: 0.9998, 242: 0.9998, 243: 0.9998, 244: 0.9998, 245: 0.9998, 246: 0.9999, 247: 0.9999, 248: 0.9999, 249: 0.9999, 250: 0.9999, 251: 0.9999, 252: 0.9999, 253: 0.9999, 254: 0.9999, 255: 0.9999, 256: 0.9999, 257: 0.9999, 258: 0.9999, 259: 0.9999, 260: 0.9999, 261: 0.9999, 262: 0.9999, 263: 0.9999, 264: 0.9999, 265: 0.9999, 266: 0.9999, 267: 0.9999, 268: 0.9999, 269: 0.9999, 270: 0.9999, 271: 0.9999, 272: 0.9999, 273: 0.9999, 274: 0.9999, 275: 0.9999, 276: 0.9999, 277: 0.9999, 278: 0.9999, 279: 1.0}',3,'2022.06.09','2022.06.09',1,0,1,'카트라이더러쉬플러스',5,'백작 비밀코드',1,'컴플리트가챠',12),(26,'[복원추출]_[12원]_[admin]','admin','{\"itemProb\":\"10\",\"tryCnt\":\"10\"}','{0: 0.3486784401000001, 1: 0.3874204890000001, 2: 0.19371024450000007, 3: 0.05739562800000002, 4: 0.011160261000000003, 5: 0.0014880348000000005, 6: 0.00013778100000000007, 7: 8.748000000000003e-06, 8: 3.6450000000000023e-07, 9: 9.000000000000004e-09, 10: 1.0000000000000006e-10}}, {0: 0.0, 1: 0.09999999999999998, 2: 0.18999999999999995, 3: 0.2709999999999999, 4: 0.3439, 5: 0.40950999999999993, 6: 0.46855899999999995, 7: 0.5217030999999999, 8: 0.5695327899999999, 9: 0.6125795109999999, 10: 0.6513215599, 11: 0.6861894039099999, 12: 0.7175704635189999, 13: 0.7458134171670999, 14: 0.7712320754503899, 15: 0.794108867905351, 16: 0.8146979811148158, 17: 0.8332281830033342, 18: 0.8499053647030008, 19: 0.8649148282327007, 20: 0.8784233454094307, 21: 0.8905810108684876, 22: 0.9015229097816388, 23: 0.9113706188034749, 24: 0.9202335569231275, 25: 0.9282102012308147, 26: 0.9353891811077333, 27: 0.94185026299696, 28: 0.9476652366972639, 29: 0.9528987130275375, 30: 0.9576088417247838, 31: 0.9618479575523053, 32: 0.9656631617970749, 33: 0.9690968456173674, 34: 0.9721871610556306, 35: 0.9749684449500675, 36: 0.9774716004550608, 37: 0.9797244404095548, 38: 0.9817519963685992, 39: 0.9835767967317394, 40: 0.9852191170585654, 41: 0.9866972053527089, 42: 0.988027484817438, 43: 0.9892247363356942, 44: 0.9903022627021247}',3,'2022.06.09','2022.06.09',1,0,1,'카트라이더러쉬플러스',1,'왕벌 비밀코드',5,'복원추출',12),(27,'[복원추출]_[32원]_[admin]','admin','{\"itemProb\":\"12\",\"tryCnt\":\"20\"}','{0: 0.07756279363818959, 1: 0.21153489174051704, 2: 0.27403383702748796, 3: 0.22420950302249013, 4: 0.1299395983425795, 5: 0.05670091564039833, 6: 0.01932985760468125, 7: 0.0052717793467312495, 8: 0.0011681783779688563, 9: 0.00021239606872161022, 10: 3.185941030824153e-05, 11: 3.9495136745753966e-06, 12: 4.0392753489975645e-07, 13: 3.389601691466488e-08, 14: 2.311092062363514e-09, 15: 1.2605956703800987e-10, 16: 5.371856549915193e-12, 17: 1.7235903368711845e-13, 18: 3.9172507656163285e-15, 19: 5.62284798892296e-17, 20: 3.8337599924474723e-19}}, {0: 0.0, 1: 0.12, 2: 0.22560000000000002, 3: 0.31852800000000003, 4: 0.40030464, 5: 0.4722680832, 6: 0.535595913216, 7: 0.59132440363008, 8: 0.6403654751944704, 9: 0.6835216181711339, 10: 0.7214990239905978, 11: 0.7549191411117261, 12: 0.7843288441783189, 13: 0.8102093828769207, 14: 0.8329842569316902, 15: 0.8530261460998874, 16: 0.8706630085679009, 17: 0.8861834475397528, 18: 0.8998414338349825, 19: 0.9118604617747845, 20: 0.9224372063618104, 21: 0.9317447415983932, 22: 0.939935372606586, 23: 0.9471431278937956, 24: 0.9534859525465402, 25: 0.9590676382409553, 26: 0.9639795216520407, 27: 0.9683019790537959, 28: 0.9721057415673403, 29: 0.9754530525792595, 30: 0.9783986862697484, 31: 0.9809908439173786, 32: 0.9832719426472931, 33: 0.985279309529618, 34: 0.9870457923860638, 35: 0.9886002972997361, 36: 0.9899682616237678, 37: 0.9911720702289156}',43,'2022.06.09','2022.06.09',1,0,1,'카트라이더러쉬플러스',5,'백작 비밀코드',5,'복원추출',32),(28,'[복원추출]_[12원]_[admin]','admin','{\"itemProb\":\"10\",\"tryCnt\":\"10\"}','{0: 0.3486784401000001, 1: 0.3874204890000001, 2: 0.19371024450000007, 3: 0.05739562800000002, 4: 0.011160261000000003, 5: 0.0014880348000000005, 6: 0.00013778100000000007, 7: 8.748000000000003e-06, 8: 3.6450000000000023e-07, 9: 9.000000000000004e-09, 10: 1.0000000000000006e-10}}, {0: 0.0, 1: 0.09999999999999998, 2: 0.18999999999999995, 3: 0.2709999999999999, 4: 0.3439, 5: 0.40950999999999993, 6: 0.46855899999999995, 7: 0.5217030999999999, 8: 0.5695327899999999, 9: 0.6125795109999999, 10: 0.6513215599, 11: 0.6861894039099999, 12: 0.7175704635189999, 13: 0.7458134171670999, 14: 0.7712320754503899, 15: 0.794108867905351, 16: 0.8146979811148158, 17: 0.8332281830033342, 18: 0.8499053647030008, 19: 0.8649148282327007, 20: 0.8784233454094307, 21: 0.8905810108684876, 22: 0.9015229097816388, 23: 0.9113706188034749, 24: 0.9202335569231275, 25: 0.9282102012308147, 26: 0.9353891811077333, 27: 0.94185026299696, 28: 0.9476652366972639, 29: 0.9528987130275375, 30: 0.9576088417247838, 31: 0.9618479575523053, 32: 0.9656631617970749, 33: 0.9690968456173674, 34: 0.9721871610556306, 35: 0.9749684449500675, 36: 0.9774716004550608, 37: 0.9797244404095548, 38: 0.9817519963685992, 39: 0.9835767967317394, 40: 0.9852191170585654, 41: 0.9866972053527089, 42: 0.988027484817438, 43: 0.9892247363356942, 44: 0.9903022627021247}',0,'2022.06.09','2022.06.09',1,0,1,'카트라이더러쉬플러스',5,'백작 비밀코드',5,'복원추출',12),(29,'[복원추출]_[10원]_[admin]','admin','{\"itemProb\":\"10\",\"tryCnt\":\"10\"}','{0: 0.3486784401000001, 1: 0.3874204890000001, 2: 0.19371024450000007, 3: 0.05739562800000002, 4: 0.011160261000000003, 5: 0.0014880348000000005, 6: 0.00013778100000000007, 7: 8.748000000000003e-06, 8: 3.6450000000000023e-07, 9: 9.000000000000004e-09, 10: 1.0000000000000006e-10}}, {0: 0.0, 1: 0.09999999999999998, 2: 0.18999999999999995, 3: 0.2709999999999999, 4: 0.3439, 5: 0.40950999999999993, 6: 0.46855899999999995, 7: 0.5217030999999999, 8: 0.5695327899999999, 9: 0.6125795109999999, 10: 0.6513215599, 11: 0.6861894039099999, 12: 0.7175704635189999, 13: 0.7458134171670999, 14: 0.7712320754503899, 15: 0.794108867905351, 16: 0.8146979811148158, 17: 0.8332281830033342, 18: 0.8499053647030008, 19: 0.8649148282327007, 20: 0.8784233454094307, 21: 0.8905810108684876, 22: 0.9015229097816388, 23: 0.9113706188034749, 24: 0.9202335569231275, 25: 0.9282102012308147, 26: 0.9353891811077333, 27: 0.94185026299696, 28: 0.9476652366972639, 29: 0.9528987130275375, 30: 0.9576088417247838, 31: 0.9618479575523053, 32: 0.9656631617970749, 33: 0.9690968456173674, 34: 0.9721871610556306, 35: 0.9749684449500675, 36: 0.9774716004550608, 37: 0.9797244404095548, 38: 0.9817519963685992, 39: 0.9835767967317394, 40: 0.9852191170585654, 41: 0.9866972053527089, 42: 0.988027484817438, 43: 0.9892247363356942, 44: 0.9903022627021247}',2,'2022.06.09','2022.06.09',1,0,1,'카트라이더러쉬플러스',5,'백작 비밀코드',5,'복원추출',10),(30,'[백작 비밀코드]_[카트라이더러쉬플러스]_[복원추출]_[10]_[admin]','admin','{\"itemProb\":\"10\",\"tryCnt\":\"10\"}','{0: 0.3486784401000001, 1: 0.3874204890000001, 2: 0.19371024450000007, 3: 0.05739562800000002, 4: 0.011160261000000003, 5: 0.0014880348000000005, 6: 0.00013778100000000007, 7: 8.748000000000003e-06, 8: 3.6450000000000023e-07, 9: 9.000000000000004e-09, 10: 1.0000000000000006e-10}}, {0: 0.0, 1: 0.09999999999999998, 2: 0.18999999999999995, 3: 0.2709999999999999, 4: 0.3439, 5: 0.40950999999999993, 6: 0.46855899999999995, 7: 0.5217030999999999, 8: 0.5695327899999999, 9: 0.6125795109999999, 10: 0.6513215599, 11: 0.6861894039099999, 12: 0.7175704635189999, 13: 0.7458134171670999, 14: 0.7712320754503899, 15: 0.794108867905351, 16: 0.8146979811148158, 17: 0.8332281830033342, 18: 0.8499053647030008, 19: 0.8649148282327007, 20: 0.8784233454094307, 21: 0.8905810108684876, 22: 0.9015229097816388, 23: 0.9113706188034749, 24: 0.9202335569231275, 25: 0.9282102012308147, 26: 0.9353891811077333, 27: 0.94185026299696, 28: 0.9476652366972639, 29: 0.9528987130275375, 30: 0.9576088417247838, 31: 0.9618479575523053, 32: 0.9656631617970749, 33: 0.9690968456173674, 34: 0.9721871610556306, 35: 0.9749684449500675, 36: 0.9774716004550608, 37: 0.9797244404095548, 38: 0.9817519963685992, 39: 0.9835767967317394, 40: 0.9852191170585654, 41: 0.9866972053527089, 42: 0.988027484817438, 43: 0.9892247363356942, 44: 0.9903022627021247}',1,'2022.06.09','2022.06.09',1,0,1,'카트라이더러쉬플러스',5,'백작 비밀코드',5,'복원추출',10),(31,'[복원추출]_[10원]_[admin]','admin','{\"itemProb\":\"10\",\"tryCnt\":\"10\"}','{0: 0.3486784401000001, 1: 0.3874204890000001, 2: 0.19371024450000007, 3: 0.05739562800000002, 4: 0.011160261000000003, 5: 0.0014880348000000005, 6: 0.00013778100000000007, 7: 8.748000000000003e-06, 8: 3.6450000000000023e-07, 9: 9.000000000000004e-09, 10: 1.0000000000000006e-10}}, {0: 0.0, 1: 0.09999999999999998, 2: 0.18999999999999995, 3: 0.2709999999999999, 4: 0.3439, 5: 0.40950999999999993, 6: 0.46855899999999995, 7: 0.5217030999999999, 8: 0.5695327899999999, 9: 0.6125795109999999, 10: 0.6513215599, 11: 0.6861894039099999, 12: 0.7175704635189999, 13: 0.7458134171670999, 14: 0.7712320754503899, 15: 0.794108867905351, 16: 0.8146979811148158, 17: 0.8332281830033342, 18: 0.8499053647030008, 19: 0.8649148282327007, 20: 0.8784233454094307, 21: 0.8905810108684876, 22: 0.9015229097816388, 23: 0.9113706188034749, 24: 0.9202335569231275, 25: 0.9282102012308147, 26: 0.9353891811077333, 27: 0.94185026299696, 28: 0.9476652366972639, 29: 0.9528987130275375, 30: 0.9576088417247838, 31: 0.9618479575523053, 32: 0.9656631617970749, 33: 0.9690968456173674, 34: 0.9721871610556306, 35: 0.9749684449500675, 36: 0.9774716004550608, 37: 0.9797244404095548, 38: 0.9817519963685992, 39: 0.9835767967317394, 40: 0.9852191170585654, 41: 0.9866972053527089, 42: 0.988027484817438, 43: 0.9892247363356942, 44: 0.9903022627021247}',2,'2022.06.09','2022.06.09',1,0,1,'카트라이더러쉬플러스',5,'백작 비밀코드',5,'복원추출',10);
/*!40000 ALTER TABLE `history` ENABLE KEYS */;
UNLOCK TABLES;

--
-- Dumping data for table `item`
--

LOCK TABLES `item` WRITE;
/*!40000 ALTER TABLE `item` DISABLE KEYS */;
INSERT INTO `item` VALUES (1,'왕벌 비밀코드',1),(2,'공룡 비밀코드',1),(3,'고양이 비밀코드',1),(4,'로얄스타일',2),(5,'백작 비밀코드',1);
/*!40000 ALTER TABLE `item` ENABLE KEYS */;
UNLOCK TABLES;
--
-- Dumping data for table `posts`
--

LOCK TABLES `posts` WRITE;
/*!40000 ALTER TABLE `posts` DISABLE KEYS */;
INSERT INTO `posts` VALUES (2,'sdfgfhgjdfhgjfhg','fhgjfhgjfghjf','김형',27,'2022.05.24','2022.05.24',1,1,1,'카트라이더러쉬플러스'),(3,'asdfasdfasd','asdf','김형',7,'2022.05.29','2022.05.29',1,2,1,'카트라이더러쉬플러스'),(4,'asdf','asdf','김형',30,'2022.05.31','2022.05.31',1,7,1,'카트라이더러쉬플러스'),(5,'메이플스토리asdf','asdf','김형',43,'2022.06.02','2022.06.05 22:19',1,1,2,'메이플스토리'),(8,'adsf','asdf','김형',7,'2022.06.06','2022.06.06',1,0,1,'카트라이더러쉬플러스'),(9,'adf','adf','admin',0,'2022.06.07','2022.06.07',1,0,1,'카트라이더러쉬플러스');
/*!40000 ALTER TABLE `posts` ENABLE KEYS */;
UNLOCK TABLES;

--
-- Dumping data for table `user`
--

LOCK TABLES `user` WRITE;
/*!40000 ALTER TABLE `user` DISABLE KEYS */;
INSERT INTO `user` VALUES (1,'rlagud1123@gmail.com','$2a$10$61MkgLjV9Ngil9lfz7VMGuVyUtYsLQFuJTA9TfoLA7lf.s3wvRe/2','admin','rlagud1123@gmail.com','2022.05.24','2022.06.09 20:29','SOCIAL'),(3,'rlagud112301@gmail.com',NULL,'김형','rlagud112301@gmail.com','2022.06.06','2022.06.08 08:17','SOCIAL');
/*!40000 ALTER TABLE `user` ENABLE KEYS */;
UNLOCK TABLES;
/*!40103 SET TIME_ZONE=@OLD_TIME_ZONE */;

/*!40101 SET SQL_MODE=@OLD_SQL_MODE */;
/*!40014 SET FOREIGN_KEY_CHECKS=@OLD_FOREIGN_KEY_CHECKS */;
/*!40014 SET UNIQUE_CHECKS=@OLD_UNIQUE_CHECKS */;
/*!40101 SET CHARACTER_SET_CLIENT=@OLD_CHARACTER_SET_CLIENT */;
/*!40101 SET CHARACTER_SET_RESULTS=@OLD_CHARACTER_SET_RESULTS */;
/*!40101 SET COLLATION_CONNECTION=@OLD_COLLATION_CONNECTION */;
/*!40111 SET SQL_NOTES=@OLD_SQL_NOTES */;

-- Dump completed on 2022-06-09 21:42:20
